[{"address":{"zipCode":10045,"city":"New York","street":"155 Middleville Road","state":"New York"},"projects":[{"title":"Business Website","budget":45000},{"title":"Sales Dashboard","budget":85000}],"paymentMethods":["PayPal","Stripe"],"name":"John Doe","id":1,"email":"john.doe@example.com","age":32},{"address":{"zipCode":10046,"city":"New York","street":"155 Middleville Road","state":"New York"},"projects":[{"title":"Business Website","budget":45000},{"title":"Sales Dashboard","budget":85000}],"paymentMethods":["PayPal","Stripe"],"name":"John Doe","id":1,"email":"john.doe@example.com","age":32}]