{
  "title": "Address",
  "type": "object",
  "properties": {
    "addressLine1": {
      "type": "string",
      "description": "Address Line 1",
      "example": "123 Sesame St."
    },
    "addressLine2": {
      "type": "string",
      "description": "Address Line 2",
      "example": "Tinsel Town"
    },
    "addressLine3": {
      "type": "string",
      "description": "Address Line 3",
      "example": "Line 3"
    },
    "addressLine4": {
      "type": "string",
      "description": "Address Line 4",
      "example": "Line 4"
    },
    "addressLine5": {
      "type": "string",
      "description": "Address Line 5",
      "example": "Line 5"
    },
    "county": {
      "type": "string",
      "description": "County",
      "example": "KILKENNY"
    },
    "postcode": {
      "type": "string",
      "description": "Postcode",
      "example": "R95 WKK6"
    },
    "countryCode": {
      "type": "string",
      "description": "Country Code",
      "example": "IE"
    },
    "country": {
      "type": "string",
      "description": "Country",
      "example": "Republic of Ireland"
    }
  },
  "description": "Address",
  "$schema": "http://json-schema.org/schema#"
}