{
  "oneOf": [
    {
      "$ref": "ApiErrorResponse.json"
    },
    {
      "$ref": "ApiErrorsView.json"
    },
    {
      "$ref": "ApiFieldError.json"
    },
    {
      "$ref": "ApiGlobalError.json"
    },
    {
      "$ref": "Address.json"
    },
    {
      "$ref": "Customer.json"
    },
    {
      "$ref": "Link.json"
    },
    {
      "$ref": "Category.json"
    },
    {
      "$ref": "GroupScheme.json"
    },
    {
      "$ref": "SchemeContact.json"
    },
    {
      "$ref": "CollectionModelCustomerRole.json"
    },
    {
      "$ref": "CustomerRole.json"
    }
  ]
}