{
  "oneOf": [
    {
      "$ref": "ApiErrorResponse.json"
    },
    {
      "$ref": "ApiErrorsView.json"
    },
    {
      "$ref": "ApiFieldError.json"
    },
    {
      "$ref": "ApiGlobalError.json"
    },
    {
      "$ref": "StubPolicyValidationRequest.json"
    },
    {
      "$ref": "Link.json"
    },
    {
      "$ref": "StubValidation.json"
    },
    {
      "$ref": "Address.json"
    },
    {
      "$ref": "Cover.json"
    },
    {
      "$ref": "Customer.json"
    },
    {
      "$ref": "InsuredPerson.json"
    },
    {
      "$ref": "Plan.json"
    },
    {
      "$ref": "Policy.json"
    },
    {
      "$ref": "CollectionModelInsuredPerson.json"
    },
    {
      "$ref": "StubCustomer.json"
    },
    {
      "$ref": "Category.json"
    },
    {
      "$ref": "GroupScheme.json"
    },
    {
      "$ref": "SchemeContact.json"
    },
    {
      "$ref": "CollectionModelCustomerRole.json"
    },
    {
      "$ref": "CustomerRole.json"
    },
    {
      "$ref": "CollectionModelPolicy.json"
    },
    {
      "$ref": "CollectionModelCustomerCover.json"
    },
    {
      "$ref": "CustomerCover.json"
    }
  ]
}