{
  "title": "ApiErrorResponse",
  "type": "object",
  "properties": {
    "status": {
      "type": "integer",
      "description": "Status",
      "format": "int32"
    },
    "errorCode": {
      "type": "string",
      "description": "Error Code"
    },
    "message": {
      "type": "string",
      "description": "Message"
    },
    "devMessage": {
      "type": "string",
      "description": "Dev Message"
    }
  },
  "description": "ApiErrorResponse",
  "$schema": "http://json-schema.org/schema#"
}