{
  "title": "ApiErrorsView",
  "type": "object",
  "properties": {
    "status": {
      "type": "integer",
      "description": "Status",
      "format": "int32"
    },
    "errorCode": {
      "type": "string",
      "description": "Error Code"
    },
    "message": {
      "type": "string",
      "description": "Message"
    },
    "devMessage": {
      "type": "string",
      "description": "Dev Message"
    },
    "fieldErrors": {
      "type": "array",
      "description": "Field Errors",
      "items": {
        "$ref": "ApiFieldError.json"
      }
    },
    "globalErrors": {
      "type": "array",
      "description": "Global Errors",
      "items": {
        "$ref": "ApiGlobalError.json"
      }
    }
  },
  "description": "ApiErrorsView",
  "$schema": "http://json-schema.org/schema#"
}