{
  "title": "Category",
  "type": "object",
  "properties": {
    "categoryId": {
      "type": "integer",
      "description": "Category Id",
      "format": "int64",
      "example": 85937
    },
    "name": {
      "type": "string",
      "description": "Category Name",
      "example": "CPPL1 & Dental 100% Emp,Sp, Dom Ptnrs, Deps."
    },
    "webAccess": {
      "type": "boolean",
      "description": "Web Access",
      "example": false
    },
    "webCategoryName": {
      "type": "string",
      "description": "Web Category Name",
      "example": "Directors"
    },
    "links": {
      "type": "array",
      "items": {
        "$ref": "Link.json"
      }
    }
  },
  "description": "Categories",
  "$schema": "http://json-schema.org/schema#"
}