{
  "title": "Cover",
  "type": "object",
  "properties": {
    "coverCode": {
      "type": "string",
      "description": "Cover Code",
      "example": "TRVEXS"
    },
    "name": {
      "type": "string",
      "description": "Cover Name",
      "example": "Excess Waiver"
    },
    "mandatory": {
      "type": "boolean",
      "description": "Mandatory Cover indicator",
      "example": false
    },
    "effectiveFrom": {
      "type": "string",
      "description": "Effective From Date",
      "format": "date",
      "example": "1963-11-21"
    },
    "effectiveTo": {
      "type": "string",
      "description": "Effective To Date",
      "format": "date",
      "example": "1963-11-21"
    },
    "links": {
      "type": "array",
      "items": {
        "$ref": "Link.json"
      }
    }
  },
  "description": "Covers",
  "$schema": "http://json-schema.org/schema#"
}