{
  "title": "CustomerCover",
  "type": "object",
  "properties": {
    "policyId": {
      "type": "integer",
      "description": "Policy Id",
      "format": "int64",
      "example": 1234567
    },
    "policyReference": {
      "type": "string",
      "description": "Policy Reference",
      "example": "0001234567"
    },
    "detailType": {
      "type": "string",
      "description": "Detail Type",
      "example": "COVERSET"
    },
    "productCode": {
      "type": "string",
      "description": "Product Code",
      "example": "TRV"
    },
    "product": {
      "type": "string",
      "description": "Product",
      "example": "Travel"
    },
    "coverLevelCode": {
      "type": "string",
      "description": "Cover Level Code",
      "example": "TRVFMLLWRL"
    },
    "coverLevel": {
      "type": "string",
      "description": "Cover Level",
      "example": "Family <65 Worldwide"
    },
    "coverCode": {
      "type": "string",
      "description": "Cover Code",
      "example": "TRVTX1"
    },
    "cover": {
      "type": "string",
      "description": "Cover",
      "example": "3 Month Trip Extension"
    },
    "mandatoryCover": {
      "type": "boolean",
      "description": "Mandatory Cover indicator",
      "example": false
    },
    "effectiveFrom": {
      "type": "string",
      "description": "Effective From",
      "format": "date",
      "example": "1963-11-11"
    },
    "effectiveTo": {
      "type": "string",
      "description": "Effective To",
      "format": "date",
      "example": "1963-11-11"
    },
    "links": {
      "type": "array",
      "items": {
        "$ref": "Link.json"
      }
    }
  },
  "$schema": "http://json-schema.org/schema#"
}