{
  "title": "CustomerRole",
  "type": "object",
  "properties": {
    "objectTypeCode": {
      "type": "string",
      "description": "Object Type Code",
      "example": "P"
    },
    "objectType": {
      "type": "string",
      "description": "Object Type",
      "example": "Policy"
    },
    "objectId": {
      "type": "integer",
      "description": "Object ID",
      "format": "int64",
      "example": 3386325
    },
    "objectReference": {
      "type": "string",
      "description": "Object Reference",
      "example": "0003151511"
    },
    "roleTypeCode": {
      "type": "string",
      "description": "Role Type Code",
      "example": "PH"
    },
    "roleType": {
      "type": "string",
      "description": "Role Type",
      "example": "Policy Holder"
    },
    "effectiveFrom": {
      "type": "string",
      "description": "Effective From",
      "format": "date",
      "example": "1963-11-11"
    },
    "effectiveTo": {
      "type": "string",
      "description": "Effective To",
      "format": "date",
      "example": "1963-11-11"
    },
    "links": {
      "type": "array",
      "items": {
        "$ref": "Link.json"
      }
    }
  },
  "$schema": "http://json-schema.org/schema#"
}