{
  "title": "GroupScheme",
  "type": "object",
  "properties": {
    "id": {
      "type": "integer",
      "description": "Corporate Scheme Id",
      "format": "int64",
      "example": 13
    },
    "schemeId": {
      "type": "integer",
      "description": "Gios Scheme Id",
      "format": "int64",
      "example": 7418
    },
    "reference": {
      "type": "string",
      "description": "Reference",
      "example": "0000003587"
    },
    "schemeDate": {
      "type": "string",
      "description": "Scheme Date",
      "format": "date",
      "example": "1963-11-11"
    },
    "name": {
      "type": "string",
      "description": "Scheme Name",
      "example": "Workday"
    },
    "schemeRenewalDate": {
      "type": "string",
      "description": "Scheme Renewal Date",
      "format": "date",
      "example": "1963-11-11"
    },
    "policyRenewalDate": {
      "type": "string",
      "description": "Policy Renewal Date",
      "format": "date",
      "example": "1963-11-11"
    },
    "webAccess": {
      "type": "boolean",
      "description": "Web Access Indicator",
      "example": false
    },
    "webRenewalFrom": {
      "type": "string",
      "description": "Web Renewal From Date",
      "format": "date",
      "example": "1963-11-11"
    },
    "webRenewalTo": {
      "type": "string",
      "description": "Web Renewal To Date",
      "format": "date",
      "example": "1963-11-11"
    },
    "webSchemeName": {
      "type": "string",
      "description": "Web Scheme Name",
      "example": "Workday"
    },
    "onlineDoctor": {
      "type": "boolean",
      "description": "Online Doctor Indicator",
      "example": false
    },
    "enhancedMidwifeService": {
      "type": "boolean",
      "description": "Enhanced Midwife service is offered",
      "example": false
    },
    "offProductServices": {
      "type": "boolean",
      "description": "Off-Product services are available",
      "example": false
    },
    "webCustomEnrolment": {
      "type": "boolean",
      "description": "Web Custom Enrolment Indicator",
      "example": false
    },
    "groupId": {
      "type": "integer",
      "description": "Group Id",
      "format": "int64",
      "example": 7417
    },
    "concierge": {
      "type": "boolean",
      "description": "Concierge Indicator",
      "example": false
    },
    "categories": {
      "type": "array",
      "description": "Categories",
      "items": {
        "$ref": "Category.json"
      }
    },
    "webVhiContact": {
      "$ref": "SchemeContact.json"
    },
    "links": {
      "type": "array",
      "items": {
        "$ref": "Link.json"
      }
    }
  },
  "$schema": "http://json-schema.org/schema#"
}