{
  "title": "InsuredPerson",
  "type": "object",
  "properties": {
    "id": {
      "type": "integer",
      "description": "Id (internal)",
      "format": "int64",
      "example": 123
    },
    "personId": {
      "type": "integer",
      "description": "Person Id",
      "format": "int64",
      "example": 1234567
    },
    "reference": {
      "type": "string",
      "description": "Reference",
      "example": "PARTNER /1234567"
    },
    "firstName": {
      "type": "string",
      "description": "First Name",
      "example": "Joe"
    },
    "middleName": {
      "type": "string",
      "description": "Middle Name",
      "example": "Bob"
    },
    "surname": {
      "type": "string",
      "description": "Surname",
      "example": "Bloggs"
    },
    "titleCode": {
      "type": "string",
      "description": "Title Code",
      "example": "MR"
    },
    "title": {
      "type": "string",
      "description": "Title",
      "example": "Mr"
    },
    "genderCode": {
      "type": "string",
      "description": "Gender Code",
      "example": "M"
    },
    "gender": {
      "type": "string",
      "description": "Gender",
      "example": "Male"
    },
    "dateOfBirth": {
      "type": "string",
      "description": "Date Of Birth",
      "format": "date",
      "example": "1963-11-11"
    },
    "age": {
      "type": "integer",
      "description": "Age",
      "format": "int32",
      "example": 40
    },
    "dateOfDeath": {
      "type": "string",
      "description": "Date Of Death",
      "format": "date",
      "example": "1963-11-11"
    },
    "dateOfAdoption": {
      "type": "string",
      "description": "Date Of Adoption",
      "format": "date",
      "example": "1963-11-11"
    },
    "countryOfResidenceCode": {
      "type": "string",
      "description": "Country Of Residence Code",
      "example": "IE"
    },
    "countryOfResidence": {
      "type": "string",
      "description": "Country Of Residence",
      "example": "Republic of Ireland"
    },
    "countryOfTaxationCode": {
      "type": "string",
      "description": "Country Of Taxation Code",
      "example": "IE"
    },
    "countryOfTaxation": {
      "type": "string",
      "description": "Country Of Taxation",
      "example": "Republic of Ireland"
    },
    "memberClassification": {
      "type": "string",
      "description": "Member Classification",
      "example": "STAFF"
    },
    "onlineDocumentsNotification": {
      "type": "string",
      "description": "Online Documents Notification",
      "example": "EMAIL_SMS"
    },
    "enhancedMidwifeService": {
      "type": "boolean",
      "description": "Eligible for Enhanced Midwife service",
      "example": false
    },
    "offProductServices": {
      "type": "boolean",
      "description": "Off-Product services are available",
      "example": false
    },
    "snapAndSendClaimant": {
      "type": "boolean",
      "description": "Eligible to be a Snap and Send Claimant",
      "example": false
    },
    "onlineDoctorUnlimited": {
      "type": "boolean",
      "description": "Online Doctor Unlimited",
      "example": false
    },
    "prospectPartner": {
      "type": "boolean",
      "description": "Prospect Indicator",
      "example": false
    },
    "address": {
      "$ref": "Address.json"
    },
    "email": {
      "type": "string",
      "description": "Email Address",
      "example": "someone@somewhere.com"
    },
    "mobile": {
      "type": "string",
      "description": "Mobile Number",
      "example": "0831234567"
    },
    "homePhone": {
      "type": "string",
      "description": "Home Phone Number",
      "example": "017654321"
    },
    "workPhone": {
      "type": "string",
      "description": "Work Phone Number",
      "example": "017654321"
    },
    "insuredFrom": {
      "type": "string",
      "description": "Insured From Date",
      "format": "date",
      "example": "1963-11-21"
    },
    "insuredTo": {
      "type": "string",
      "description": "Insured To Date",
      "format": "date",
      "example": "1963-11-21"
    },
    "lifestageCode": {
      "type": "string",
      "description": "Lifestage Code",
      "example": "ADULT"
    },
    "lifestage": {
      "type": "string",
      "description": "Lifestage",
      "example": "Adult"
    },
    "ineligible": {
      "type": "boolean",
      "description": "Ineligible",
      "example": false
    },
    "links": {
      "type": "array",
      "items": {
        "$ref": "Link.json"
      }
    }
  },
  "description": "Insured Persons",
  "$schema": "http://json-schema.org/schema#"
}