{
  "type": "object",
  "properties": {
    "rel": {
      "type": "string"
    },
    "href": {
      "type": "string"
    },
    "hreflang": {
      "type": "string"
    },
    "media": {
      "type": "string"
    },
    "title": {
      "type": "string"
    },
    "type": {
      "type": "string"
    },
    "deprecation": {
      "type": "string"
    },
    "profile": {
      "type": "string"
    },
    "name": {
      "type": "string"
    }
  },
  "$schema": "http://json-schema.org/schema#"
}