{
  "title": "Plan",
  "type": "object",
  "properties": {
    "planCode": {
      "type": "string",
      "description": "Plan Code",
      "example": "TRVFMLLWRL"
    },
    "name": {
      "type": "string",
      "description": "Plan Name",
      "example": "Family <65 Worldwide"
    },
    "geographicalRegionCode": {
      "type": "string",
      "description": "Geographical Region Code",
      "example": "WRLDFLL"
    },
    "geographicalRegion": {
      "type": "string",
      "description": "Geographical Region",
      "example": "World Wide"
    },
    "effectiveFrom": {
      "type": "string",
      "description": "Effective From Date",
      "format": "date",
      "example": "1963-11-21"
    },
    "effectiveTo": {
      "type": "string",
      "description": "Effective To Date",
      "format": "date",
      "example": "1963-11-21"
    },
    "covers": {
      "type": "array",
      "description": "Covers",
      "items": {
        "$ref": "Cover.json"
      }
    },
    "links": {
      "type": "array",
      "items": {
        "$ref": "Link.json"
      }
    }
  },
  "description": "Plan Object",
  "$schema": "http://json-schema.org/schema#"
}