{
  "title": "Policy",
  "type": "object",
  "properties": {
    "policyId": {
      "type": "integer",
      "description": "Policy Id",
      "format": "int64",
      "example": 1234567
    },
    "reference": {
      "type": "string",
      "description": "Policy Reference",
      "example": "0001234567"
    },
    "policyStartDate": {
      "type": "string",
      "description": "Policy Start Date",
      "format": "date",
      "example": "1963-11-21"
    },
    "policyEndDate": {
      "type": "string",
      "description": "Policy End Date",
      "format": "date",
      "example": "1963-11-21"
    },
    "termStartDate": {
      "type": "string",
      "description": "Term Start Date",
      "format": "date",
      "example": "1963-11-21"
    },
    "termEndDate": {
      "type": "string",
      "description": "Term End Date",
      "format": "date",
      "example": "1963-11-21"
    },
    "endOfTermActionCode": {
      "type": "string",
      "description": "End Of Term Action Code",
      "example": "REN"
    },
    "endOfTermAction": {
      "type": "string",
      "description": "End Of Term Action",
      "example": "Renew Automatically"
    },
    "productCode": {
      "type": "string",
      "description": "Product code",
      "example": "COR"
    },
    "product": {
      "type": "string",
      "description": "Product",
      "example": "Hospital"
    },
    "plan": {
      "$ref": "Plan.json"
    },
    "schemeId": {
      "type": "integer",
      "description": "Scheme Id",
      "format": "int64",
      "example": 9575
    },
    "categoryId": {
      "type": "integer",
      "description": "Category Id",
      "format": "int64",
      "example": 123
    },
    "ratingStatusCode": {
      "type": "string",
      "description": "Rating Status Code",
      "example": "Hospital"
    },
    "ratingStatus": {
      "type": "string",
      "description": "Rating Status",
      "example": "Hospital"
    },
    "ratingLevel": {
      "type": "string",
      "description": "Rating Level",
      "example": "Hospital"
    },
    "locked": {
      "type": "boolean",
      "description": "Locked",
      "example": false
    },
    "insuredPersons": {
      "type": "array",
      "description": "Insured Persons",
      "items": {
        "$ref": "InsuredPerson.json"
      }
    },
    "policyHolder": {
      "$ref": "Customer.json"
    },
    "links": {
      "type": "array",
      "items": {
        "$ref": "Link.json"
      }
    }
  },
  "$schema": "http://json-schema.org/schema#"
}