{
  "title": "SchemeContact",
  "type": "object",
  "properties": {
    "customerId": {
      "type": "integer",
      "description": "Customer Id",
      "format": "int64",
      "example": 123
    },
    "address": {
      "$ref": "Address.json"
    },
    "email": {
      "type": "string",
      "description": "Email Address",
      "example": "someone@somewhere.com"
    },
    "mobile": {
      "type": "string",
      "description": "Mobile Number",
      "example": "0831234567"
    },
    "homePhone": {
      "type": "string",
      "description": "Home Phone Number",
      "example": "017654321"
    },
    "workPhone": {
      "type": "string",
      "description": "Work Phone Number",
      "example": "017654321"
    },
    "links": {
      "type": "array",
      "items": {
        "$ref": "Link.json"
      }
    }
  },
  "description": "Web Vhi Contact number if available",
  "$schema": "http://json-schema.org/schema#"
}